{"SL1U2_6_sp_talk_pt1.prefab":"prefab","SL1U2_6_scene5@2x.png":"texture","Dragon_Side.json":"spine","Squarespirit_Front.json":"spine","Rabbit_Side.json":"spine","SL1U2_6_sp_talk_pt1_3_1.mp3":"audio-clip","SL1U2_6_sp_talk_pt1_1_1.mp3":"audio-clip","SL1U2_6_sp_talk_pt1_4_1.mp3":"audio-clip","SL1U2_6_sp_talk_pt1_7_1.mp3":"audio-clip","SL1U2_6_sp_talk_pt1_2_1.mp3":"audio-clip","SL1U2_6_sp_talk_pt1_5_1.mp3":"audio-clip","SL1U2_6_sp_talk_pt1_8_1.mp3":"audio-clip","SL1U2_6_sp_talk_pt1_6_1.mp3":"audio-clip","talk.json":"spine","Dragon_Side.png":"texture","Squarespirit_Front.png":"texture","Rabbit_Side.png":"texture","talk.png":"texture","cc_play_dialog.ts":"typescript","emptyTemplateController.ts":"typescript"}